Handle,Title,Body (HTML),Vendor,Product Category,Type,Tags,Published,Option1 Name,Option1 Value,Option1 Linked To,Option2 Name,Option2 Value,Option2 Linked To,Option3 Name,Option3 Value,Option3 Linked To,Variant SKU,Variant Grams,Variant Inventory Tracker,Variant Inventory Policy,Variant Fulfillment Service,Variant Price,Variant Compare At Price,Variant Requires Shipping,Variant Taxable,Unit Price Total Measure,Unit Price Total Measure Unit,Unit Price Base Measure,Unit Price Base Measure Unit,Variant Barcode,Image Src,Image Position,Image Alt Text,Gift Card,SEO Title,SEO Description,Google Shopping / Google Product Category,Google Shopping / Gender,Google Shopping / Age Group,Google Shopping / MPN,Google Shopping / Condition,Google Shopping / Custom Product,Google Shopping / Custom Label 0,Google Shopping / Custom Label 1,Google Shopping / Custom Label 2,Google Shopping / Custom Label 3,Google Shopping / Custom Label 4,Google: Custom Product (product.metafields.mm-google-shopping.custom_product),Número de calificaciones del producto (product.metafields.reviews.rating_count),Niveles de brillo (product.metafields.shopify.brightness-levels),Color (product.metafields.shopify.color-pattern),Temperatura de la luz (product.metafields.shopify.light-temperature),Características de iluminación (product.metafields.shopify.lighting-features),Material (product.metafields.shopify.material),Tipo de montura (product.metafields.shopify.mounting-type),Fuente de alimentación (product.metafields.shopify.power-source),Ubicación adecuada (product.metafields.shopify.suitable-location),Tipo de control del interruptor (product.metafields.shopify.switch-control-type),Variant Image,Variant Weight Unit,Variant Tax Code,Cost per item,Status
lampara-proyectora-de-atardecer-ambiente-aesthetic-para-tu-cuarto,Lámpara Golden Hour™ — Proyector de Ambiente,"
<div>
<h2>Convierte cualquier cuarto en un atardecer infinito</h2>
<p>Porque la hora dorada no debería durar solo unos minutos.</p>
<p>La <strong>Lámpara Golden Hour™</strong> proyecta tonos cálidos de atardecer sobre cualquier pared, transformando tu habitación en segundos. Sin ventanas. Sin esperar. A cualquier hora del día.</p>

<h3>✨ Elegí tu versión</h3>
<ul>
  <li>
<strong>🌅 Clásica — Atardecer:</strong> el efecto sunset cálido de siempre, encendido con un botón. Perfecta para empezar.</li>
  <li>
<strong>🎨 Golden — 16 Colores:</strong> 16 colores ajustables (rojo, morado, azul, verde y más) <strong>con control remoto</strong> y 4 modos de luz. Cambiá el ambiente sin levantarte.</li>
  <li>
<strong>📱 Pro — Control por App:</strong> controlá todo <strong>desde tu celular</strong> con la app (Tuya / Smart Life) + control remoto incluido. Programá horarios, colores y brillo a distancia.</li>
</ul>

<h3>🎁 Todas incluyen</h3>
<ul>
  <li>📐 <strong>Cabezal giratorio 180°</strong> — proyectá en pared, techo o rincón</li>
  <li>🔌 <strong>USB plug &amp; play</strong> — sin pilas, sin instalación</li>
  <li>🔇 <strong>Silenciosa</strong> — ideal para dormir con ella encendida</li>
  <li>📸 <strong>Viral en TikTok e Instagram</strong> — el filtro de luz favorito de los creadores</li>
</ul>

<h3>⚡ Especificaciones</h3>
<ul>
  <li>Alimentación: USB 5V (cable incluido)</li>
  <li>Vida útil: +50.000 horas</li>
  <li>Tamaño: compacto, cabe en la mano</li>
  <li>Rotación: 180° ajustable</li>
</ul>

<p><em>Envío gratuito. Garantía de satisfacción incluida.</em></p>
</div>",Golden Hour™,Casa y jardín > Iluminación > Luces nocturnas e iluminación ambiente,Iluminación Ambiente,"aesthetic, ambiente, atardecer, golden-hour, habitacion, lampara, proyector, regalo, sunset, tiktok",true,Modelo,Clásica — Atardecer,,,,,,,,GHL-001,200.0,,continue,manual,24.99,39.99,true,true,,,,,,https://cdn.shopify.com/s/files/1/0776/4423/4910/files/S1340eec44f034fb7a83d22237dd92a51l.webp?v=1780403720,1,Efecto de atardecer proyectado en pared oscura con plantas,false,Lámpara Proyectora de Atardecer Golden Hour™ — Luz Sunset Aesthetic,"Proyecta un atardecer real en tu cuarto. Lámpara sunset viral de TikTok desde 24,99 €. 16 colores o control por app. Envío gratis a España.",,,,,,,,,,,,,89,medio,amarillo; blanco; negro; purpura,blanco-calido,brillo-regulable; temperatura-de-color-regulable; control-remoto; iluminacion-led,plastico,pared; techo,usb,dormitorio,boton,,kg,,,active
lampara-proyectora-de-atardecer-ambiente-aesthetic-para-tu-cuarto,,,,,,,,,Golden — 16 Colores,,,,,,,,GHL-002,200.0,,continue,manual,34.99,54.99,true,true,,,,,,https://cdn.shopify.com/s/files/1/0776/4423/4910/files/S114d1e703cf7402cb362cd652b4929abc.webp?v=1780403725,2,Dos lámparas proyectando arcoíris y amarillo en pared blanca,,,,,,,,,,,,,,,,,,,,,,,,,,,kg,,,
lampara-proyectora-de-atardecer-ambiente-aesthetic-para-tu-cuarto,,,,,,,,,Pro — Control por App,,,,,,,,GHL-003,250.0,,continue,manual,44.99,69.99,true,true,,,,,,https://cdn.shopify.com/s/files/1/0776/4423/4910/files/Sfd0e23aeda7d4182ae4e67ceed2143d5c.webp?v=1780403722,3,Dispositivo lámpara sunset USB compacto - vista del producto,,,,,,,,,,,,,,,,,,,,,,,,,,,kg,,,
lampara-proyectora-de-atardecer-ambiente-aesthetic-para-tu-cuarto,,,,,,,,,,,,,,,,,,,,,,,,,,,,,,,https://cdn.shopify.com/s/files/1/0776/4423/4910/files/Sb3b8b06b2378420eb592faae116fb0f40.webp?v=1780403718,4,Lámpara proyectora atardecer en habitación - efecto sunset en pared,,,,,,,,,,,,,,,,,,,,,,,,,,,,,,
lampara-proyectora-de-atardecer-ambiente-aesthetic-para-tu-cuarto,,,,,,,,,,,,,,,,,,,,,,,,,,,,,,,https://cdn.shopify.com/s/files/1/0776/4423/4910/files/S91600cee70af4b30a893f000ac35f774l.webp?v=1780403723,5,Lámpara proyectora con múltiples colores - naranja púrpura azul,,,,,,,,,,,,,,,,,,,,,,,,,,,,,,
